{"date": "2025-08-30", "time": "15:38:28", "pulse": 414, "motion": "non detected", "temperature": 25.1, "humidity": 51.8}
{"date": "2025-08-30", "time": "15:38:29", "pulse": 414, "motion": "non detected", "temperature": 25.1, "humidity": 51.8}
{"date": "2025-08-30", "time": "15:38:30", "pulse": 415, "motion": "non detected", "temperature": 26.3, "humidity": 50.7}
{"date": "2025-08-30", "time": "15:38:31", "pulse": 415, "motion": "non detected", "temperature": 26.3, "humidity": 50.7}
{"date": "2025-08-30", "time": "15:38:32", "pulse": 415, "motion": "non detected", "temperature": 26.3, "humidity": 50.7}
{"date": "2025-08-30", "time": "15:38:33", "pulse": 416, "motion": "non detected", "temperature": 26.3, "humidity": 50.4}
{"date": "2025-08-30", "time": "15:38:34", "pulse": 416, "motion": "non detected", "temperature": 26.3, "humidity": 50.4}
{"date": "2025-08-30", "time": "15:38:35", "pulse": 415, "motion": "non detected", "temperature": 26.3, "humidity": 50.4}
{"date": "2025-08-30", "time": "15:38:36", "pulse": 423, "motion": "non detected", "temperature": 26.3, "humidity": 50.3}
{"date": "2025-08-30", "time": "15:38:37", "pulse": 427, "motion": "non detected", "temperature": 26.3, "humidity": 50.3}
{"date": "2025-08-30", "time": "15:38:38", "pulse": 428, "motion": "non detected", "temperature": 26.3, "humidity": 50.3}
{"date": "2025-08-30", "time": "15:38:39", "pulse": 427, "motion": "non detected", "temperature": 26.3, "humidity": 50.3}
{"date": "2025-08-30", "time": "15:38:40", "pulse": 427, "motion": "non detected", "temperature": 26.3, "humidity": 50.3}
{"date": "2025-08-30", "time": "15:38:41", "pulse": 427, "motion": "non detected", "temperature": 26.3, "humidity": 50.3}
{"date": "2025-08-30", "time": "15:38:42", "pulse": 428, "motion": "non detected", "temperature": 26.3, "humidity": 50.6}
{"date": "2025-08-30", "time": "15:38:43", "pulse": 428, "motion": "non detected", "temperature": 26.3, "humidity": 50.6}
{"date": "2025-08-30", "time": "15:38:44", "pulse": 426, "motion": "non detected", "temperature": 26.3, "humidity": 50.6}
{"date": "2025-08-30", "time": "15:38:45", "pulse": 427, "motion": "non detected", "temperature": 26.3, "humidity": 50.5}
{"date": "2025-08-30", "time": "15:38:46", "pulse": 427, "motion": "non detected", "temperature": 26.3, "humidity": 50.5}
{"date": "2025-08-30", "time": "15:38:47", "pulse": 427, "motion": "non detected", "temperature": 26.3, "humidity": 50.6}
{"date": "2025-08-30", "time": "15:38:48", "pulse": 427, "motion": "non detected", "temperature": 26.3, "humidity": 50.6}
{"date": "2025-08-30", "time": "15:38:49", "pulse": 427, "motion": "non detected", "temperature": 26.3, "humidity": 50.6}
{"date": "2025-08-30", "time": "15:38:50", "pulse": 427, "motion": "non detected", "temperature": 26.3, "humidity": 51}
{"date": "2025-08-30", "time": "15:38:51", "pulse": 427, "motion": "non detected", "temperature": 26.3, "humidity": 51}
{"date": "2025-08-30", "time": "15:38:52", "pulse": 427, "motion": "non detected", "temperature": 26.3, "humidity": 51}
{"date": "2025-08-30", "time": "15:38:53", "pulse": 427, "motion": "non detected", "temperature": 26.3, "humidity": 50.6}
{"date": "2025-08-30", "time": "15:38:54", "pulse": 427, "motion": "non detected", "temperature": 26.3, "humidity": 50.6}
{"date": "2025-08-30", "time": "15:38:55", "pulse": 427, "motion": "non detected", "temperature": 26.3, "humidity": 51}
{"date": "2025-08-30", "time": "15:38:56", "pulse": 428, "motion": "non detected", "temperature": 26.3, "humidity": 51}
{"date": "2025-08-30", "time": "15:38:57", "pulse": 427, "motion": "non detected", "temperature": 26.3, "humidity": 50.7}
{"date": "2025-08-30", "time": "15:38:58", "pulse": 427, "motion": "non detected", "temperature": 26.3, "humidity": 50.7}
{"date": "2025-08-30", "time": "15:38:59", "pulse": 427, "motion": "non detected", "temperature": 26.3, "humidity": 50.8}
{"date": "2025-08-30", "time": "15:39:00", "pulse": 429, "motion": "non detected", "temperature": 26.3, "humidity": 50.8}
{"date": "2025-08-30", "time": "15:39:01", "pulse": 428, "motion": "non detected", "temperature": 26.3, "humidity": 50.5}
{"date": "2025-08-30", "time": "15:39:02", "pulse": 428, "motion": "non detected", "temperature": 26.3, "humidity": 50.5}
{"date": "2025-08-30", "time": "15:39:03", "pulse": 428, "motion": "non detected", "temperature": 26.3, "humidity": 50.5}
{"date": "2025-08-30", "time": "15:39:04", "pulse": 429, "motion": "non detected", "temperature": 26.3, "humidity": 50.9}
{"date": "2025-08-30", "time": "15:39:05", "pulse": 428, "motion": "non detected", "temperature": 26.3, "humidity": 50.9}
{"date": "2025-08-30", "time": "15:39:06", "pulse": 429, "motion": "non detected", "temperature": 26.3, "humidity": 50.9}
{"date": "2025-08-30", "time": "15:39:07", "pulse": 428, "motion": "non detected", "temperature": 26.3, "humidity": 50.4}
{"date": "2025-08-30", "time": "15:39:08", "pulse": 429, "motion": "non detected", "temperature": 26.3, "humidity": 50.4}
{"date": "2025-08-30", "time": "15:39:09", "pulse": 430, "motion": "non detected", "temperature": 26.3, "humidity": 50.4}
{"date": "2025-08-30", "time": "15:39:10", "pulse": 429, "motion": "non detected", "temperature": 26.3, "humidity": 50.4}
{"date": "2025-08-30", "time": "15:39:11", "pulse": 432, "motion": "non detected", "temperature": 26.4, "humidity": 50.3}
{"date": "2025-08-30", "time": "15:39:12", "pulse": 431, "motion": "non detected", "temperature": 26.4, "humidity": 50.3}
{"date": "2025-08-30", "time": "15:39:13", "pulse": 439, "motion": "non detected", "temperature": 26.4, "humidity": 50.3}
{"date": "2025-08-30", "time": "15:39:14", "pulse": 437, "motion": "non detected", "temperature": 26.4, "humidity": 50.5}
{"date": "2025-08-30", "time": "15:39:15", "pulse": 433, "motion": "non detected", "temperature": 26.4, "humidity": 50.5}
{"date": "2025-08-30", "time": "15:39:16", "pulse": 430, "motion": "non detected", "temperature": 26.4, "humidity": 50.5}
{"date": "2025-08-30", "time": "15:39:17", "pulse": 436, "motion": "non detected", "temperature": 26.4, "humidity": 50.4}
{"date": "2025-08-30", "time": "15:39:18", "pulse": 431, "motion": "non detected", "temperature": 26.4, "humidity": 50.4}
{"date": "2025-08-30", "time": "15:39:19", "pulse": 429, "motion": "non detected", "temperature": 26.3, "humidity": 50.5}
{"date": "2025-08-30", "time": "15:39:20", "pulse": 429, "motion": "non detected", "temperature": 26.3, "humidity": 50.5}
{"date": "2025-08-30", "time": "15:39:21", "pulse": 429, "motion": "non detected", "temperature": 26.3, "humidity": 50.4}
{"date": "2025-08-30", "time": "15:39:22", "pulse": 429, "motion": "non detected", "temperature": 26.3, "humidity": 50.4}
{"date": "2025-08-30", "time": "15:39:23", "pulse": 429, "motion": "non detected", "temperature": 26.4, "humidity": 50.1}
{"date": "2025-08-30", "time": "15:39:24", "pulse": 428, "motion": "non detected", "temperature": 26.4, "humidity": 50.1}
{"date": "2025-08-30", "time": "15:39:25", "pulse": 428, "motion": "non detected", "temperature": 26.3, "humidity": 50.1}
{"date": "2025-08-30", "time": "15:39:26", "pulse": 429, "motion": "non detected", "temperature": 26.3, "humidity": 50.1}
{"date": "2025-08-30", "time": "15:39:27", "pulse": 427, "motion": "non detected", "temperature": 26.4, "humidity": 50.3}
{"date": "2025-08-30", "time": "15:39:29", "pulse": 428, "motion": "non detected", "temperature": 26.4, "humidity": 50.3}
{"date": "2025-08-30", "time": "15:39:29", "pulse": 428, "motion": "non detected", "temperature": 26.4, "humidity": 50.3}
{"date": "2025-08-30", "time": "15:39:30", "pulse": 428, "motion": "non detected", "temperature": 26.4, "humidity": 50.2}
{"date": "2025-08-30", "time": "15:39:31", "pulse": 428, "motion": "non detected", "temperature": 26.4, "humidity": 50.2}
{"date": "2025-08-30", "time": "15:39:32", "pulse": 428, "motion": "non detected", "temperature": 26.4, "humidity": 50.1}
{"date": "2025-08-30", "time": "15:39:33", "pulse": 427, "motion": "non detected", "temperature": 26.4, "humidity": 50.1}
{"date": "2025-08-30", "time": "15:39:34", "pulse": 428, "motion": "non detected", "temperature": 26.4, "humidity": 50.2}
{"date": "2025-08-30", "time": "15:39:35", "pulse": 428, "motion": "non detected", "temperature": 26.4, "humidity": 50.2}
{"date": "2025-08-30", "time": "15:39:36", "pulse": 429, "motion": "non detected", "temperature": 26.4, "humidity": 50.2}
{"date": "2025-08-30", "time": "15:39:37", "pulse": 428, "motion": "non detected", "temperature": 26.4, "humidity": 50.2}
{"date": "2025-08-30", "time": "15:39:38", "pulse": 427, "motion": "non detected", "temperature": 26.4, "humidity": 50.2}
{"date": "2025-08-30", "time": "15:39:39", "pulse": 429, "motion": "non detected", "temperature": 26.4, "humidity": 50.5}
{"date": "2025-08-30", "time": "15:39:40", "pulse": 428, "motion": "non detected", "temperature": 26.4, "humidity": 50.5}
{"date": "2025-08-30", "time": "15:39:41", "pulse": 428, "motion": "non detected", "temperature": 26.3, "humidity": 50.5}
{"date": "2025-08-30", "time": "15:39:42", "pulse": 427, "motion": "non detected", "temperature": 26.3, "humidity": 50.5}
{"date": "2025-08-30", "time": "15:39:43", "pulse": 427, "motion": "non detected", "temperature": 26.3, "humidity": 50.5}
{"date": "2025-08-30", "time": "15:39:44", "pulse": 426, "motion": "non detected", "temperature": 26.4, "humidity": 50.2}
{"date": "2025-08-30", "time": "15:39:45", "pulse": 428, "motion": "non detected", "temperature": 26.4, "humidity": 50.2}
{"date": "2025-08-30", "time": "15:39:46", "pulse": 426, "motion": "non detected", "temperature": 26.4, "humidity": 50.1}
{"date": "2025-08-30", "time": "15:39:47", "pulse": 426, "motion": "non detected", "temperature": 26.4, "humidity": 50.1}
{"date": "2025-08-30", "time": "15:39:48", "pulse": 426, "motion": "non detected", "temperature": 26.4, "humidity": 50.1}
{"date": "2025-08-30", "time": "15:39:49", "pulse": 426, "motion": "non detected", "temperature": 26.4, "humidity": 50.4}
{"date": "2025-08-30", "time": "15:39:50", "pulse": 426, "motion": "non detected", "temperature": 26.4, "humidity": 50.4}
{"date": "2025-08-30", "time": "15:39:51", "pulse": 425, "motion": "non detected", "temperature": 26.4, "humidity": 50.3}
{"date": "2025-08-30", "time": "15:39:52", "pulse": 425, "motion": "non detected", "temperature": 26.4, "humidity": 50.3}
{"date": "2025-08-30", "time": "15:39:53", "pulse": 425, "motion": "non detected", "temperature": 26.4, "humidity": 50.3}
{"date": "2025-08-30", "time": "15:39:54", "pulse": 427, "motion": "non detected", "temperature": 26.4, "humidity": 50.3}
{"date": "2025-08-30", "time": "15:39:55", "pulse": 426, "motion": "non detected", "temperature": 26.4, "humidity": 50}
{"date": "2025-08-30", "time": "15:39:56", "pulse": 426, "motion": "non detected", "temperature": 26.4, "humidity": 50}
{"date": "2025-08-30", "time": "15:39:57", "pulse": 432, "motion": "non detected", "temperature": 26.4, "humidity": 50.3}
{"date": "2025-08-30", "time": "15:39:58", "pulse": 426, "motion": "non detected", "temperature": 26.4, "humidity": 50.3}
{"date": "2025-08-30", "time": "15:39:59", "pulse": 427, "motion": "non detected", "temperature": 26.4, "humidity": 50.4}
{"date": "2025-08-30", "time": "15:40:00", "pulse": 426, "motion": "non detected", "temperature": 26.4, "humidity": 50.4}
{"date": "2025-08-30", "time": "15:40:01", "pulse": 426, "motion": "non detected", "temperature": 26.4, "humidity": 50.2}
{"date": "2025-08-30", "time": "15:40:02", "pulse": 424, "motion": "non detected", "temperature": 26.4, "humidity": 50.2}
{"date": "2025-08-30", "time": "15:40:03", "pulse": 433, "motion": "non detected", "temperature": 26.4, "humidity": 50.3}
{"date": "2025-08-30", "time": "15:40:04", "pulse": 430, "motion": "non detected", "temperature": 26.4, "humidity": 50.3}
{"date": "2025-08-30", "time": "15:40:05", "pulse": 429, "motion": "non detected", "temperature": 26.4, "humidity": 50}
{"date": "2025-08-30", "time": "15:40:06", "pulse": 428, "motion": "non detected", "temperature": 26.4, "humidity": 50}
{"date": "2025-08-30", "time": "15:40:07", "pulse": 428, "motion": "non detected", "temperature": 26.4, "humidity": 50}
{"date": "2025-08-30", "time": "15:40:08", "pulse": 429, "motion": "non detected", "temperature": 26.4, "humidity": 50.2}
{"date": "2025-08-30", "time": "15:40:09", "pulse": 427, "motion": "non detected", "temperature": 26.4, "humidity": 50.2}
{"date": "2025-08-30", "time": "15:40:10", "pulse": 427, "motion": "non detected", "temperature": 26.4, "humidity": 49.9}
{"date": "2025-08-30", "time": "15:40:11", "pulse": 427, "motion": "non detected", "temperature": 26.4, "humidity": 49.9}
{"date": "2025-08-30", "time": "15:40:12", "pulse": 428, "motion": "non detected", "temperature": 26.4, "humidity": 49.8}
{"date": "2025-08-30", "time": "15:40:14", "pulse": 423, "motion": "non detected", "temperature": 26.4, "humidity": 49.8}
{"date": "2025-08-30", "time": "15:40:15", "pulse": 425, "motion": "non detected", "temperature": 26.4, "humidity": 49.8}
{"date": "2025-08-30", "time": "15:40:16", "pulse": 435, "motion": "non detected", "temperature": 26.4, "humidity": 49.8}
{"date": "2025-08-30", "time": "15:40:17", "pulse": 429, "motion": "non detected", "temperature": 26.4, "humidity": 49.8}
{"date": "2025-08-30", "time": "15:40:18", "pulse": 432, "motion": "non detected", "temperature": 26.4, "humidity": 49.8}
{"date": "2025-08-30", "time": "15:40:19", "pulse": 431, "motion": "non detected", "temperature": 26.4, "humidity": 49.8}
{"date": "2025-08-30", "time": "15:40:20", "pulse": 425, "motion": "non detected", "temperature": 26.4, "humidity": 49.8}
{"date": "2025-08-30", "time": "15:40:21", "pulse": 420, "motion": "non detected", "temperature": 26.4, "humidity": 50}
{"date": "2025-08-30", "time": "15:40:22", "pulse": 421, "motion": "non detected", "temperature": 26.4, "humidity": 50}
{"date": "2025-08-30", "time": "15:40:23", "pulse": 419, "motion": "non detected", "temperature": 26.4, "humidity": 50}
{"date": "2025-08-30", "time": "15:40:24", "pulse": 419, "motion": "non detected", "temperature": 26.4, "humidity": 50.2}
{"date": "2025-08-30", "time": "15:40:25", "pulse": 420, "motion": "non detected", "temperature": 26.4, "humidity": 50.2}
{"date": "2025-08-30", "time": "15:40:26", "pulse": 418, "motion": "non detected", "temperature": 26.4, "humidity": 50.2}
{"date": "2025-08-30", "time": "15:40:27", "pulse": 418, "motion": "non detected", "temperature": 26.4, "humidity": 50.3}
